INSERT INTO Hostt (full_name, email, phone, address, rating, profile_picture) 
VALUES
('John Doe', 'johndoe@example.com', '1234567890', '123 Elm Street, Springfield', 3.5, 'profile1.jpg'),
('Jane Smith', 'janesmith@example.com', '9876543210', '456 Oak Avenue, Metropolis', 4.6, 'profile2.jpg'),
('Emily Johnson', 'emilyj@example.com', '5678901234', '789 Pine Road, Gotham', 4.9, 'profile3.jpg'),
('Daniel Smith', 'daniels@example.com', '6789012345', '456 Maple Street, Metropolis', 3.7, 'profile4.jpg'),
('Sophia Davis', 'sophiad@example.com', '7890123456', '123 Oak Lane, Star City', 4.2, 'profile5.jpg'),
('Liam Brown', 'liamb@example.com', '8901234567', '987 Elm Street, Springfield', 4.1, 'profile6.jpg'),
('Olivia Wilson', 'oliviaw@example.com', '9012345678', '654 Cedar Avenue, Smallville', 3.9, 'profile7.jpg'),
('James Martinez', 'jamesm@example.com', '1234567890', '321 Birch Road, Riverdale', 4.6, 'profile8.jpg'),
('Ava Taylor', 'avat@example.com', '2345678901', '258 Fir Boulevard, Hill Valley', 4.8, 'profile9.jpg'),
('Benjamin White', 'benjaminw@example.com', '3456789012', '369 Spruce Drive, Mystic Falls', 3.8, 'profile10.jpg'),
('Mia Anderson', 'miaa@example.com', '4567890123', '741 Redwood Lane, Raccoon City', 2.9, 'profile11.jpg'),
('Ethan Clark', 'ethanc@example.com', '5678901234', '852 Willow Road, Silent Hill', 2.5, 'profile12.jpg'),
('Charlotte Moore', 'charlottem@example.com', '6789012345', '963 Ash Crescent, Rosewood', 4.1, 'profile13.jpg'),
('Lucas Harris', 'lucash@example.com', '7890123456', '159 Cherry Court, Sunnydale', 4.3, 'profile14.jpg'),
('Grace Lee', 'gracel@example.com', '8901234567', '357 Beech Avenue, Pallet Town', 3.2, 'profile15.jpg'),
('Henry Adams', 'henrya@example.com', '9012345678', '951 Dogwood Street, Emerald City', 2.8, 'profile16.jpg'),
('Isabella Murphy', 'isabellam@example.com', '1234567890', '753 Magnolia Way, Stars Hollow', 4.5, 'profile17.jpg'),
('William Scott', 'williams@example.com', '2345678901', '147 Cypress Boulevard, Amityville', 3.1, 'profile18.jpg'),
('Amelia Robinson', 'ameliar@example.com', '3456789012', '258 Fir Road, Hawkins', 4.7, 'profile19.jpg'),
('Sara White', 'sara.white@example.com', '3456789012', '999 Maple Street, Star City', 3.5, 'profile20.jpg');

INSERT INTO Host_verification (email_verified, phone_verified, id_verified, verification_date, host_id) 
VALUES
(TRUE, TRUE, TRUE, '2023-01-15 12:00:00', 1),
(TRUE, FALSE, TRUE, '2023-02-20 15:30:00', 2),
(FALSE, TRUE, FALSE, '2023-03-05 09:00:00', 3),
(TRUE, FALSE, TRUE, '2023-09-16 12:47:06', 4),
(FALSE, TRUE, TRUE, '2023-04-13 02:47:06', 5),
(TRUE, FALSE, TRUE, '2024-01-17 14:45:36', 6),
(FALSE, FALSE, TRUE, '2021-11-15 10:47:06', 7),
(TRUE, TRUE, TRUE, '2019-01-15 12:00:56', 8),
(TRUE, FALSE, FALSE, '2022-11-23 13:27:09', 9),
(TRUE, TRUE, FALSE, '2023-12-01 17:47:06', 10),
(TRUE, FALSE, FALSE, '2015-11-15 10:19:04', 11),
(TRUE, TRUE, TRUE, '2023-01-15 09:47:06', 12),
(TRUE, FALSE, TRUE, '2021-04-23 06:17:33', 13),
(TRUE, TRUE, TRUE, '2023-11-14 10:43:36', 14),
(FALSE, TRUE, TRUE, '2024-06-03 08:32:18', 15),
(FALSE, TRUE, FALSE, '2025-01-03 13:55:31', 16),
(TRUE, FALSE, TRUE, '2022-08-14 18:23:53', 17),
(TRUE, TRUE, FALSE, '2014-12-03 23:12:10', 18),
(FALSE, TRUE, TRUE, '2022-09-24 22:52:48', 19),
(TRUE, TRUE, TRUE, '2023-12-01 18:45:00', 20);

INSERT INTO Host_payment_details (payment_method, account_number, expiry_date, host_id) 
VALUES
('Credit Card', '4111111111111111', '2025-12-31', 1),
('Bank Transfer', 'IBAN1234567890', '2026-06-30', 2),
('PayPal', 'emily.johnson@paypal.com', '2025-03-31', 3),
('Credit Card', '1891111111411111', '2026-11-21', 4),
('PayPal', 'sophiad@paypal.com', '2025-10-17', 5),
('Credit Card', '1591116111416754', '2028-12-29', 6),
('Credit Card', '2341317111411111', '2026-01-21', 7),
('Bank Transfer', 'IBAN3456789012', '2027-07-28', 8),
('Bank Transfer', 'IBAN1254567891', '2025-01-30', 9),
('PayPal', 'benjaminw@paypal.com', '2026-03-25', 10),
('PayPal', 'miaa@paypal.com', '2025-12-13', 11),
('Credit Card', '6591115431416754', '2028-06-19', 12),
('PayPal', 'charlottem@paypal.com', '2029-03-23', 13),
('PayPal', 'lucash@paypal.com', '2026-12-07', 14),
('Bank Transfer', 'IBAN9700567890', '2025-06-30', 15),
('Bank Transfer', 'IBAN4533897135', '2026-08-24', 16),
('Credit Card', '6591465131416754', '2028-04-04', 17),
('PayPal', 'williams@paypal.com', '2027-10-07', 18),
('PayPal', 'ameliar@paypal.com', '2025-10-23', 19),
('Credit Card', '5555555555554444', '2027-05-15', 20);

INSERT INTO Guest (full_name, email, phone, address, rating, profile_picture) 
VALUES
('Alice Brown', 'alice.brown@example.com', '1112223333', '123 Birch Road, Smallville', 3.9, 'guest1.jpg'),
('Bob Carter', 'bob.carter@example.com', '4445478666', '456 Cedar Avenue, Hill Valley', 2.7, 'guest2.jpg'),
('Cathy Davis', 'cathy.davis@example.com', '7778889999', '789 Walnut Street, Riverdale', 4.5, 'guest3.jpg'),
('Emily Carter', 'emily.carter@example.com', '11122267433', '123 Birch Road, Smallville', 4.1, 'guest4.jpg'),
('James Anderson', 'james.anderson@example.com', '2233734744', '456 Oak Street, Metropolis', 4.6, 'guest5.jpg'),
('Olivia Bennett', 'olivia.bennett@example.com', '2336445755', '789 Pine Avenue, Star City', 3.8, 'guest6.jpg'),
('Michael Harris', 'michael.harris@example.com', '9445556866', '321 Maple Lane, Riverdale', 4.6, 'guest7.jpg'),
('Sophia Taylor', 'sophia.taylor@example.com', '9956667777', '654 Cedar Drive, Springfield', 4.4, 'guest8.jpg'),
('William Rickson', 'william.rickson@example.com', '6267778888', '987 Elm Road, Gotham', 4.3, 'guest9.jpg'),
('Isabella Walker', 'isabella.walker@example.com', '3478889999', '147 Spruce Avenue, Hill Valley', 3.7, 'guest10.jpg'),
('Charlotte Murphy', 'charlotte.murphy@example.com', '9812223334', '852 Willow Lane, Pallet Town', 4.7, 'guest11.jpg'),
('Lucas Moore', 'lucas.moore@example.com', '2123334445', '963 Ash Way, Mystic Falls', 3.9, 'guest12.jpg'),
('Ava Clark', 'ava.clark@example.com', '1334445556', '159 Cherry Crescent, Rosewood', 4.6, 'guest13.jpg'),
('Henry Lewis', 'henry.lewis@example.com', '4874555667', '357 Beech Court, Sunnydale', 4.7, 'guest14.jpg'),
('Mia Young', 'mia.young@example.com', '9156667778', '951 Dogwood Avenue, Hawkins', 4.8, 'guest15.jpg'),
('Daniel Hall', 'daniel.hall@example.com', '7767778889', '753 Magnolia Street, Stars Hollow', 4.1, 'guest16.jpg'),
('Grace White', 'grace.white@example.com', '2178849993', '159 Cypress Road, Amityville', 4.4, 'guest17.jpg'),
('Benjamin Lee', 'benjamin.lee@example.com', '3685990000', '258 Fir Street, Emerald City', 4.5, 'guest18.jpg'),
('Amelia Thomas', 'amelia.thomas@example.com', '1390501711', '369 Walnut Boulevard, Raccoon City', 4.6, 'guest19.jpg'),
('Zoe Quinn', 'zoe.quinn@example.com', '1233211234', '123 Main Street, Wonderland', 4.8, 'guest20.jpg');

INSERT INTO Guest_verification (email_verified, phone_verified, id_verified, verification_date, guest_id) 
VALUES
(TRUE, FALSE, TRUE, '2021-01-15 12:00:00', 1),
(TRUE, FALSE, FALSE, '2022-12-20 15:30:00', 2),
(FALSE, TRUE, TRUE, '2012-03-05 09:10:07', 3),
(TRUE, FALSE, FALSE, '2013-11-16 12:47:06', 4),
(TRUE, TRUE, TRUE, '2023-04-13 07:47:06', 5),
(TRUE, FALSE, TRUE, '2021-01-17 15:45:36', 6),
(FALSE, FALSE, TRUE, '2021-11-15 11:47:06', 7),
(TRUE, TRUE, TRUE, '2019-01-15 12:10:56', 8),
(TRUE, FALSE, FALSE, '2022-11-23 13:27:09', 9),
(FALSE, TRUE, TRUE, '2014-12-01 17:47:06', 10),
(TRUE, TRUE, FALSE, '2015-11-15 11:19:14', 11),
(TRUE, TRUE, TRUE, '2023-01-15 09:47:26', 12),
(TRUE, FALSE, TRUE, '2021-04-23 16:11:33', 13),
(TRUE, FALSE, TRUE, '2017-01-04 10:42:36', 14),
(FALSE, TRUE, TRUE, '2022-06-03 08:42:18', 15),
(FALSE, TRUE, FALSE, '2020-01-03 13:55:31', 16),
(TRUE, FALSE, TRUE, '2012-08-14 18:18:18', 17),
(FALSE, TRUE, FALSE, '2014-12-03 17:17:17', 18),
(FALSE, TRUE, TRUE, '2010-09-24 22:52:48', 19),
(TRUE, TRUE, TRUE, '2021-12-01 18:45:00', 20);

INSERT INTO Guest_payment_details (payment_method, account_number, expiry_date, guest_id) 
VALUES
('Bank Transfer', 'IBAN1234567890', '2026-06-30', 1),
('Credit Card', '4111111568111111', '2025-11-29', 2),
('PayPal', 'cathy.davis@paypal.com', '2025-03-31', 3),
('Credit Card', '1341100111411111', '2026-11-21', 4),
('PayPal', 'james.anderson@paypal.com', '2026-11-17', 5),
('Credit Card', '4591116111416754', '2028-12-19', 6),
('Credit Card', '6541317611411111', '2026-04-21', 7),
('Bank Transfer', 'IBAN3876789012', '2027-03-28', 8),
('Bank Transfer', 'IBAN1255407891', '2025-04-30', 9),
('PayPal', 'isabella.walker@paypal.com', '2026-05-25', 10),
('PayPal', 'charlotte.murphy@paypal.com', '2025-12-24', 11),
('Credit Card', '6591340531416754', '2028-01-19', 12),
('PayPal', 'ava.clark@paypal.com', '2029-03-27', 13),
('PayPal', 'henry.lewis@paypal.com', '2026-12-17', 14),
('Bank Transfer', 'IBAN9700533890', '2025-08-29', 15),
('Bank Transfer', 'IBAN4533812135', '2026-08-24', 16),
('Credit Card', '4891005131457754', '2028-04-13', 17),
('PayPal', 'benjamin.lee@paypal.com', '2026-10-27', 18),
('PayPal', 'amelia.thomas@paypal.com', '2025-11-23', 19),
('Credit Card', '2311855005532414', '2027-05-15', 20);

INSERT INTO Adminn (full_name, admin_role)
VALUES
('Adam Murphy', 'System Administrator'),
('Alexia Lee', 'Security Analyst'),
('Michael Walker', 'Data Privacy Officer'),
('Catherine Antoir', 'User Support Specialist'),
('Isabell Gurdun', 'Operations Manager'),
('Marien Spezz', 'Policy Compliance Officer'),
('Thomas Martin', 'Quality Assurance Analyst'),
('Luke Luther', 'System Administrator'),
('Olaf Mitchell', 'Content Moderator'),
('Ben Ovich', 'Database Manager'),
('Amat Davidson', 'Data Privacy Officer'),
('Odysseum Clark', 'Technical Support Lead'),
('Emilie Cruize', 'User Support Specialist'),
('Maya Vitan', 'Risk Manager'),
('Leo Vinci', 'Legal Advisor'),
('Zeodu Uglu', 'User Support Specialist'),
('Wiktorin Rutter', 'Data Privacy Officer'),
('Mark Lewis', 'Security Analyst'),
('Kevin Carter', 'Fraud Detection Specialist'),
('Bob Brown', 'User Support Specialist');

INSERT INTO Location (country, city, zip_code)
VALUES
('Germany', 'Cologne', '50667'),
('Germany', 'Bonn', '53179'),
('Italy', 'Milan', '20021'),
('Spain', 'Madrid', '28002'),
('Italy', 'Rome', '00128'),
('Germany', 'Berlin', '10115'),
('France', 'Paris', '70123'),
('France', 'Paris', '75000'),
('Germany', 'Bonn', '53115'),
('USA', 'Boston', '02118'),
('Greece', 'Athens', '104 38'),
('Norway', 'Oslo', '0154'),
('Denmark', 'Copenhagen', '1064'),
('Sweden', 'Stockholm', '111 15'),
('USA', 'Baltimore', '21208'),
('Argentina', 'Buenos Aires', 'B1094'),
('Turkey', 'Istanbul', '34017'),
('USA', 'Atanta', '30301'),
('Netherlands', 'The Hague', '1187 LZ'),
('Finland', 'Helsinki', '00290');

INSERT INTO Property_type (property_type_name)
VALUES 
('Apartment'),
('Cabin'),
('Apartment'),
('House'),
('Villa'),
('Castle'),
('Cabin'),
('Apartment'),
('House'),
('Mansion'),
('Apartment'),
('Castle'),
('House'),
('Castle'),
('Mansion'),
('Cabin'),
('Apartment'),
('Villa'),
('Tree House'),
('House');

INSERT INTO Property (title, property_description, price_per_night, property_type_id, host_id, location_id)
VALUES 
('Bright Apartment in Bonn', 'Bright apartment located in the centre of Bonn', 110.00, 14, 20, 1),
('Baumhaus', 'The cabin where you can spend some time alone', 132.00, 7, 1, 2),
('Beautiful Apartment in The Heart of Milan', '2-room apartment in the middle of Milan', 102.00, 3, 5, 3),
('Una Casa Grande en Madrid', '4-room house, ideal for families', 150.00, 9, 7, 4),
('Holidays Villa in Rome', 'Spend a wonderful time in Rome in a majestic villa', 1950.00, 11, 13, 5),
('Majestic Castle', 'Be ready to become part of the history in our historic castle', 1021.00, 17, 11, 6),
('Spacious Cabin For Two', 'Run away from the city noise for the weekend', 97.00, 2, 2, 7),
('Cozy Apartment', 'Beautiful apartment in Paris with the view oif Eiffel Tower', 134.00, 4, 19, 8),
('House With Sauna', 'Big house with sauna, ideal to relax', 167.00, 5, 3, 9),
('Beautiful Mansion With Pool', 'Spend your entire holiday in a heated-pool in Boston', 2455.00, 8, 4, 10),
('Luxurious Apartment in Natural Area', 'Experience privacy in comfort in our stylish apartment', 125.00, 12, 8, 11),
('Breathtaking Castle in Norway', 'Lovely place to spend time with family and friends', 1165.00, 10, 15, 12),
('Tiny House With Amazing Views', 'Private and quiet house in Copenhagen', 89.00, 1, 18, 13),
('Charming Swedish Castle', 'Castle in a lovely area of Stockholm', 2040.00, 19, 14, 14),
('9-Bedroom Villa With Huge Indoor Sports Court', 'Mansion for a big family stay or friends gathering', 3047.00, 20, 6, 15),
('Wooden House to Relax', 'Beautiful wooden cabin by native greenery and wonderful views', 135.00, 6, 9, 16),
('Big flat With a Great View of Istanbul', 'Loveve apartment in the centre of Istanbul', 107.00, 13, 10, 17),
('Beautiful 8-people Villa', 'Villa for 8-people stay, with 10 bedroom, 8 bathrooms and a lot more', 1899.00, 15, 12, 18),
('Treehouse For a Romantic Stay', 'In a treehouse your stay becomes very special', 303.00, 16, 17, 19),
('Designer House', 'Welcome to our Designer House to enjoy your stay', 146.00, 18, 16, 20);

INSERT INTO Amenities (amenity_name, amenity_description)
VALUES
('Wifi','High-speed wireless internet'), 
('Swimming pool','Private swimming pool on property'), 
('Heating','Central heating system for colder seasons'),
('Air Conditioning','Cool air conditioning for hot weather'),
('Smoke Alarm','Safety smoke detector installed'), 
('Kitchen','Fully-equipped kitchen'), 
('TV','Flat-screen television with cable channels'),
('Gym','Access to gyma and fitness equipment'),
('Pet friendly','Accomodation allows pets'),
('Fireplace','Cozy indoor fireplace'),
('Hot Tub','Private hot-tub or jacuzzi'),
('Balcony','Private balcony with scenic view'),
('Patio','Private patio with outdoor furniture'),
('Long-term stay','Allow to stay for more than 28 days'),
('Private Entrance','Separate street or building entrance'),
('Washer','Washing machine for laundry'),
('Hair Dryer','Electric hair dryer available'),
('BBQ Grill','Outdoor barbecue grill available'), 
('Iron','Iron and ironing board provided'),
('Parking','Private parking space available');

INSERT INTO Property_amenities (Property_id, Amenity_id)
VALUES
(1, 6), (1, 5), (1, 1), (1, 3),
(2, 5), (2, 6), (2, 17), (2, 3),
(3, 5), (3, 7), (3, 3), (3, 1),
(4, 20), (4, 1), (4, 6), (4, 9),
(5, 20), (5, 11), (5, 1), (5, 18),
(6, 18), (6, 13), (6, 3), (6, 10),
(7, 1), (7, 5), (7, 4), (7, 17),
(8, 12), (8, 5), (8, 16), (8, 17),
(9, 2), (9, 9), (9, 10), (9, 5),
(10, 8), (10, 10), (10, 13), (10, 20),
(11, 1), (11, 3), (11, 7), (11, 19),
(12, 9), (12, 20), (12, 15), (12, 11),
(13, 3), (13, 17), (13, 12), (13, 14),
(14, 11), (14, 8), (14, 13), (14, 20),
(15, 15), (15, 9), (15, 10), (15, 11),
(16, 4), (16, 7), (16, 6), (16, 19),
(17, 19), (17, 12), (17, 1), (17, 9),
(18, 2), (18, 1), (18, 18), (18, 20),
(19, 3), (19, 7), (19, 4), (19, 17),
(20, 1), (20, 8), (20, 9), (20, 11);

INSERT INTO Photos (image_url)
VALUES 
('image_url/1'),
('image_url/2'),
('image_url/3'),
('image_url/4'),
('image_url/5'),
('image_url/6'),
('image_url/7'),
('image_url/8'),
('image_url/9'),
('image_url/10'),
('image_url/11'),
('image_url/12'),
('image_url/13'),
('image_url/14'),
('image_url/15'),
('image_url/16'),
('image_url/17'),
('image_url/18'),
('image_url/19'),
('image_url/20');

INSERT INTO Property_photos (Property_id, Photo_id)
VALUES
(1, 1),
(2, 2),
(3, 3),
(4, 4),
(5, 5),
(6, 6),
(7, 7),
(8, 8),
(9, 9),
(10, 10),
(11, 11),
(12, 12),
(13, 13), 
(14, 14),
(15, 15),
(16, 16),
(17, 17),
(18, 18),
(19, 19),
(20, 20);

INSERT INTO Booking (check_in_date, check_out_date, total_price, payment_status, booking_date, property_id, host_id, guest_id)
VALUES
('2025-01-01', '2025-01-06', 550.00, 'Paid', '2024-12-30 12:30:00', 14, 20, 1),
('2025-01-02', '2025-01-06', 528.00, 'Pending', '2025-01-01 09:15:00', 7, 1, 2),
('2025-01-03', '2025-01-06', 306.00, 'Paid', '2025-01-02 14:45:00', 3, 5, 3),
('2025-01-04', '2025-01-08', 600.00, 'Paid', '2025-01-03 17:20:00', 9, 7, 4),
('2025-01-05', '2025-01-09', 7800.00, 'Paid', '2025-01-04 11:00:00', 11, 13, 5),
('2025-01-06', '2025-01-10', 4084.00, 'Pending', '2025-01-05 10:15:00', 17, 11, 6),
('2025-01-07', '2025-01-13', 582.00, 'Paid', '2025-01-06 13:50:00', 2, 2, 7),
('2025-01-08', '2025-01-13', 670.00, 'Paid', '2025-01-07 08:30:00', 4, 19, 8),
('2025-01-09', '2025-01-14', 835.00, 'Paid', '2025-01-08 16:45:00', 5, 3, 9),
('2025-01-10', '2025-01-14', 9820.00, 'Pending', '2025-01-09 14:00:00', 8, 4, 10),
('2025-01-11', '2025-01-16', 625.00, 'Paid', '2025-01-10 09:45:00', 12, 8, 11),
('2025-01-12', '2025-01-18', 6990.00, 'Paid', '2025-01-11 10:20:00', 10, 15, 12),
('2025-01-13', '2025-01-18', 445.00, 'Paid', '2025-01-12 15:35:00', 1, 18, 13),
('2025-01-14', '2025-01-19', 10200.00, 'Paid', '2025-01-13 13:10:00', 19, 14, 14),
('2025-01-15', '2025-01-20', 15235.00, 'Paid', '2025-01-14 11:55:00', 20, 6, 15),
('2025-01-16', '2025-01-21', 675.00, 'Pending', '2025-01-15 17:40:00', 6, 9, 16),
('2025-01-17', '2025-01-21', 428.00, 'Paid', '2025-03-16 18:30:00', 13, 10, 17),
('2025-01-18', '2025-01-23', 9495.00, 'Paid', '2025-01-17 08:20:00', 15, 12, 18),
('2025-01-19', '2025-01-24', 1515.00, 'Paid', '2025-01-18 14:10:00', 16, 17, 19),
('2025-01-20', '2025-01-26', 876.00, 'Pending', '2025-01-19 16:50:00', 18, 16, 20);

INSERT INTO Cancellation_policy (policy_description)
VALUES
('Flexible: Full refund up to 1 day before check-in.'),
('Moderate: Full refund up to 5 days before check-in.'),
('Strict: 50% refund up to 7 days before check-in.'),
('Non-Refundable: No refund under any circumstances.'),
('Super Strict 30 Days: 50% refund up to 30 days before check-in.'),
('Super Strict 60 Days: 50% refund up to 60 days before check-in.'),
('Last-Minute Friendly: Full refund up to 12 hours before check-in.'),
('Seasonal: Refund depends on the season; up to 75% refund.'),
('Long Stay: 75% refund for stays longer than 14 days.'),
('Corporate: Full refund for corporate bookings up to 10 days before.'),
('Custom Policy 1: Custom terms; contact the host for details.'),
('Weekend Strict: No refund for weekend stays.'),
('Holiday Policy: No refund during holidays.'),
('Family Friendly: Full refund up to 3 days before check-in.'),
('Early Bird: Full refund if cancelled within 24 hours of booking.'),
('Adventure Trip: Partial refund for adventure properties.'),
('Luxury Stay: Refund terms vary; up to 80% refund.'),
('Pet Friendly: Full refund if pets are not allowed.'),
('No Questions Asked: Full refund anytime.'),
('Strict with Grace Period: Full refund within 48 hours of booking for stays more than 14 days away.');

INSERT INTO Booking_cancellation (cancellation_date, booking_id, cancellation_policy_id)
VALUES
('2025-01-01', 1, 1),
('2025-01-02', 2, 3),
('2025-01-03', 3, 2),
('2025-01-04', 4, 4),
('2025-01-05', 5, 5),
('2025-01-06', 6, 6),
('2025-01-07', 7, 7),
('2025-01-08', 8, 8),
('2025-01-09', 9, 9),
('2025-01-10', 10, 10),
('2025-01-11', 11, 11),
('2025-01-12', 12, 12),
('2025-01-13', 13, 13),
('2025-01-14', 14, 14),
('2025-01-15', 15, 15),
('2025-01-16', 16, 16),
('2025-01-17', 17, 17),
('2025-01-18', 18, 18),
('2025-01-19', 19, 19),
('2025-01-20', 20, 20);

INSERT INTO Payment (amount, payment_status, payment_date, booking_id)
VALUES
(550.00, 'Completed', '2024-12-30 12:30:00', 1),
(528.00, 'Pending', '2025-01-01 09:15:00', 2),
(306.00, 'Completed', '2025-01-02 14:45:00', 3),
(600.00, 'Completed', '2025-01-03 17:20:00', 4),
(7800.00, 'Completed', '2025-01-04 11:00:00', 5),
(4084.00, 'Pending', '2025-01-05 10:15:00', 6),
(582.00, 'Completed', '2025-01-06 13:50:00', 7),
(670.00, 'Completed', '2025-01-07 08:30:00', 8),
(835.00, 'Completed', '2025-01-08 16:45:00', 9),
(9820.00, 'Pending', '2025-01-09 14:00:00', 10),
(625.00, 'Failed', '2025-01-10 09:45:00', 11),
(6990.00, 'Completed', '2025-01-11 10:20:00', 12),
(445.00, 'Failed', '2025-01-12 15:35:00', 13),
(10200.00, 'Completed', '2025-01-13 13:10:00', 14),
(15235.00, 'Completed', '2025-01-14 11:55:00', 15),
(675.00, 'Pending', '2025-01-15 17:40:00', 16),
(428.00, 'Completed', '2025-03-16 18:30:00', 17),
(9495.00, 'Completed', '2025-01-17 08:20:00', 18),
(1515.00, 'Completed', '2025-01-18 14:10:00', 19),
(876.00, 'Pending', '2025-01-19 16:50:00', 20);

INSERT INTO Transactions (transaction_type, transaction_date, transaction_amount, payment_id, host_id, guest_id)
VALUES
('Debit', '2024-12-30 12:30:00', 550.00, 1, 20, 1),
('Credit', '2025-01-01 09:15:00', 528.00, 2, 1, 2),
('PayPal', '2025-01-02 14:45:00', 306.00, 3, 5, 3),
('Credit', '2025-01-03 17:20:00', 600.00, 4, 7, 4),
('PayPal', '2025-01-04 11:00:00', 7800.00, 5, 13, 5),
('Credit', '2025-01-05 10:15:00', 4084.00, 6, 11, 6),
('Credit', '2025-01-06 13:50:00', 582.00, 7, 2, 7),
('Debit', '2025-01-07 08:30:00', 670.00, 8, 19, 8),
('Debit', '2025-01-08 16:45:00', 835.00, 9, 3, 9),
('PayPal', '2025-01-09 14:00:00', 9820.00, 10, 4, 10),
('PayPal', '2025-01-10 09:45:00', 625.00, 11, 8, 11),
('Credit', '2025-01-11 10:20:00', 6990.00,  12, 15, 12),
('PayPal', '2025-01-12 15:35:00', 445.00, 13, 18, 13),
('PayPal', '2025-01-13 13:10:00', 10200.00, 14, 14, 14),
('Debit', '2025-01-14 11:55:00', 15235.00, 15, 6, 15),
('Debit', '2025-01-15 17:40:00', 675.00, 16, 9, 16),
('Credit', '2025-03-16 18:30:00', 428.00, 17, 10, 17),
('PayPal', '2025-01-17 08:20:00', 9495.00, 18, 12, 18),
('PayPal', '2025-01-18 14:10:00', 1515.00, 19, 17, 19),
('Credit', '2025-01-19 16:50:00', 876.00, 20, 16, 20);

INSERT INTO Review (rating, review_comment, review_date, guest_id, property_id, host_id)
VALUES 
(4, 'Really enjoyed the stay in the apartment', '2025-02-01', 1, 14, 20),
(4, 'The cabin was cozy', '2025-02-02', 2, 7, 1),
(5, 'The apartment is located in the centre of Milan, which is convenient for tourists', '2025-02-03', 3, 3, 5),
(3, 'No kitchen', '2025-02-04', 4, 9, 7),
(5, 'Suitable for a vacation with a big family or bunch of friends', '2025-02-05', 5, 11, 13),
(3, 'Overpriced', '2025-02-06', 6, 17, 11),
(4, 'Nice cabin', '2025-02-07', 7, 2, 2),
(5, 'Cozy apartment', '2025-02-08', 8, 4, 19),
(5, 'Pet friendly house', '2025-02-09', 9, 5, 3),
(4, 'Wonderful mansion but there is no wifi', '2025-02-10', 10, 8, 4),
(3, 'It was a bit dirty', '2025-02-11', 11, 12, 8),
(3, 'Majestic castle but it was a bit far from the city', '2025-02-12', 12, 10, 15),
(4, 'Good house for the price', '2025-02-13', 13, 1, 18),
(4, 'Never stayed in the castle before, recommended', '2025-02-14', 14, 19, 14),
(5, 'Perfect place to throw parties, had everything we needed', '2025-02-15', 15, 20, 6),
(5, 'Ideal for people trying to get away from the city and the crowd', '2025-02-16', 16, 6, 9),
(5, 'Such a lovely place to stay', '2025-02-17', 17, 13, 10),
(4, 'Fantastically beautiful', '2025-02-18', 18, 15, 12),
(4, 'Our stay in the treehouse was a dream', '2025-02-19', 19, 16, 17),
(5, 'Beautiful location and it is dog-friendly', '2025-02-20', 20, 18, 16);

INSERT INTO Wishlist (date_added, guest_id, property_id)
VALUES
('2025-03-01', 1, 1), 
('2025-03-02', 2, 3), 
('2025-03-03', 3, 2), 
('2025-03-04', 4, 4), 
('2025-03-05', 5, 5), 
('2025-03-06', 6, 6), 
('2025-03-07', 7, 7), 
('2025-03-08', 8, 8), 
('2025-03-09', 9, 9), 
('2025-03-10', 10, 10), 
('2025-03-11', 11, 11), 
('2025-03-12', 12, 12), 
('2025-03-13', 13, 13), 
('2025-03-14', 14, 14), 
('2025-03-15', 15, 15), 
('2025-03-16', 16, 16), 
('2025-03-17', 17, 17), 
('2025-03-18', 18, 18), 
('2025-03-19', 19, 19), 
('2025-03-20', 20, 20);

INSERT INTO Discounts (percentage, start_date, end_date, property_id)
VALUES
(10, '2025-04-01', '2025-04-08', 1),
(10, '2025-04-02', '2025-04-09', 2),
(15, '2025-04-03', '2025-04-10', 3),
(20, '2025-04-04', '2025-04-11', 4),
(10, '2025-04-05', '2025-04-12', 5),
(30, '2025-04-06', '2025-04-13', 6),
(15, '2025-04-07', '2025-04-14', 7),
(25, '2025-04-08', '2025-04-15', 8),
(40, '2025-04-09', '2025-04-16', 9),
(10, '2025-04-10', '2025-04-17', 10),
(50, '2025-04-11', '2025-04-18', 11),
(20, '2025-04-12', '2025-04-19', 12),
(25, '2025-04-13', '2025-04-20', 13),
(35, '2025-04-14', '2025-04-21', 14),
(10, '2025-04-15', '2025-04-22', 15),
(40, '2025-04-16', '2025-04-23', 16),
(10, '2025-04-17', '2025-04-24', 17),
(45, '2025-04-18', '2025-04-25', 18),
(70, '2025-04-19', '2025-04-26', 19),
(35, '2025-04-20', '2025-04-27', 20);

INSERT INTO Dispute (details, dispute_status, created_at, resolution_date, booking_id, admin_id)
VALUES
('Guest reported unclean property.', 'Open', '2025-01-05 10:00:00', NULL, 1, 1),
('Host claimed damage to furniture.', 'In Progress', '2025-01-06 12:00:00', NULL, 2, 2),
('Payment dispute for extra charges.', 'Resolved', '2025-01-07 09:30:00', '2025-01-08', 3, 3),
('Guest complained about noisy neighbors.', 'Closed', '2025-01-08 14:00:00', '2025-01-09', 4, 1),
('Host requested compensation for cancellation.', 'In Progress', '2025-01-09 11:00:00', NULL, 5, 4),
('Double booking issue reported.', 'Resolved', '2025-01-10 16:45:00', '2025-01-11', 6, 2),
('Amenities not as described.', 'Open', '2025-01-11 08:00:00', NULL, 7, 5),
('Guest found expired food in the fridge.', 'Closed', '2025-01-12 18:00:00', '2025-01-13', 8, 3),
('Unresponsive host during check-in.', 'In Progress', '2025-01-13 09:15:00', NULL, 9, 6),
('Guest refused to vacate property on time.', 'Open', '2025-01-14 10:30:00', NULL, 10, 4),
('Overcharged for additional guests.', 'Resolved', '2025-01-15 07:00:00', '2025-01-16', 11, 1),
('Host accused guest of theft.', 'In Progress', '2025-01-16 11:30:00', NULL, 12, 7),
('Property was locked, guest couldn’t access.', 'Closed', '2025-01-17 15:00:00', '2025-01-18', 13, 5),
('Guest reported mold in the bathroom.', 'Resolved', '2025-01-18 13:20:00', '2025-01-19', 14, 6),
('Unauthorized pet on the property.', 'In Progress', '2025-01-19 17:00:00', NULL, 15, 2),
('Host canceled last minute.', 'Open', '2025-01-20 08:00:00', NULL, 16, 3),
('Dispute over security deposit refund.', 'Closed', '2025-01-21 10:00:00', '2025-01-22', 17, 7),
('Guest claims false advertising of amenities.', 'In Progress', '2025-01-22 14:45:00', NULL, 18, 4),
('Payment issue for additional cleaning charges.', 'Resolved', '2025-01-23 09:00:00', '2025-01-24', 19, 6),
('Host accused of discrimination.', 'Open', '2025-01-24 12:30:00', NULL, 20, 5);

INSERT INTO Rules (rule_description)
VALUES
('Check-in: 4:00 PM - 6:00 PM'), 
('Check-in: 12:00 PM - 2:00 PM'),
('Check-in: 1:00 PM - 3:00 PM'), 
('Check-in after 3:00 PM'), 
('Checkout before 10:00 AM'),
('Checkout before 11:00 AM'),
('Checkout before 12:00 AM'),
('Checkout before 1:00 PM'), 
('No pets'), 
('No smoking'),
('No parties or events'), 
('2 guests maximum'),
('3 guests maximum'),
('4 guests maximum'),
('5 guests maximum'),
('Self check-in with smart lock'), 
('Self check-in with lockbox'), 
('Commercial photography allowed'), 
('Additional rules: Please take off your shoes, slippers are available'), 
('Quiet hours: 11:00 PM - 7:00 AM'); 

INSERT INTO Property_rules (property_id, rules_id)
VALUES
(1, 3), (1, 13), (1, 7), (1, 18),
(2, 3), (2, 9), (2, 12), (2, 17),
(3, 1), (3, 19), (3, 20), (3, 10),
(4, 10), (4, 2), (4, 8), (4, 19),
(5, 3), (5, 8), (5, 16), (5, 18),
(6, 3), (6, 18), (6, 7), (6, 20),
(7, 12), (7, 1), (7, 7), (7, 16),
(8, 1), (8, 5), (8, 9), (8, 14),
(9, 2), (9, 5), (9, 16), (9, 19),
(10, 1), (10, 18), (10, 8), (10, 9),
(11, 1), (11, 12), (11, 16), (11, 11),
(12, 11), (12, 20), (12, 8), (12, 4),
(13, 20), (13, 12), (13, 2), (13, 7),
(14, 10), (14, 16), (14, 6), (14, 3),
(15, 16), (15, 18), (15, 8), (15, 3),
(16, 1), (16, 13), (16, 5), (16, 10),
(17, 12), (17, 3), (17, 6), (17, 11),
(18, 2), (18, 8), (18, 18), (18, 16),
(19, 12), (19, 10), (19, 1), (19, 7),
(20, 2), (20, 8), (20, 20), (20, 19);

INSERT INTO Neighbourhood (neighbourhood_name, neighbourhood_description, popular_spots, transportation_info, location_id)
VALUES
('Altstadt', 'Historic old town with Gothic architecture and shopping streets.', 'Cologne Cathedral, Museum Ludwig', 'Trams 1, 5; Metro Line 12', 1),
('Poppelsdorf', 'A peaceful area with botanical gardens and cafes.', 'Poppelsdorf Palace, University of Bonn', 'Bus routes 610, 611', 2),
('Navigli', 'Trendy district with canals, restaurants, and bars.', 'Naviglio Grande, Porta Ticinese', 'Tram lines 9, 15; Metro Line M2', 3),
('Salamanca', 'Upscale area known for shopping and dining.', 'Plaza de Toros, Calle Serrano', 'Metro Lines 4, 6; Bus 53', 4),
('Trastevere', 'Charming neighborhood with narrow streets and historic landmarks.', 'Santa Maria in Trastevere, Janiculum Hill', 'Tram Line 8, Bus H', 5),
('Kreuzberg', 'Trendy area with art galleries and diverse dining options.', 'East Side Gallery, Tempelhofer Feld', 'U-Bahn Lines U1, U8', 6),
('Montmartre', 'Hilly district known for its artistic history.', 'Sacré-Coeur, Place du Tertre', 'Metro Lines 12, 2', 7),
('Le Marais', 'Fashionable neighborhood with narrow streets and boutiques.', 'Place des Vosges, Musée Carnavalet', 'Metro Lines 1, 8', 8),
('Südstadt', 'Residential area with parks and historic churches.', 'Rheinau Park, Bonn Minster', 'Tram Line 62; Bus 550', 9),
('South End', 'Charming area with brick townhouses and diverse restaurants.', 'Boston Center for the Arts, Tremont Street', 'Subway Orange Line; Bus 43', 10),
('Plaka', 'Picturesque neighborhood with winding streets and neoclassical architecture.', 'Acropolis Museum, Anafiotika', 'Metro Line 3, Bus 230', 11),
('Grünerløkka', 'Hip neighborhood with vintage shops and cafes.', 'Mathallen Food Hall, Sofienberg Park', 'Tram Line 11, Bus 30', 12),
('Nyhavn', 'Colorful waterfront district with historic ships and restaurants.', 'Amalienborg Palace, Nyhavn Canal', 'Metro Line M3, Bus 66', 13),
('Gamla Stan', 'Old Town with cobbled streets and medieval architecture.', 'Royal Palace, Nobel Museum', 'Metro Line 13, Bus 53', 14),
('Inner Harbor', 'Waterfront area with museums and seafood restaurants.', 'National Aquarium, Federal Hill Park', 'Light Rail Line 1, Bus 64', 15),
('Palermo', 'Chic district with parks, boutiques, and nightlife.', 'Bosques de Palermo, Plaza Serrano', 'Subte Line D, Bus 152', 16),
('Sultanahmet', 'Historic area with landmarks from the Ottoman Empire.', 'Hagia Sophia, Blue Mosque', 'Metro Line M1A, Tram T1', 17),
('Midtown', 'Dynamic urban district with skyscrapers and cultural landmarks.', 'Fox Theatre, Atlanta Botanical Garden', 'MARTA Red and Gold Lines', 18),
('Scheveningen', 'Seaside resort with beaches and a pier.', 'Scheveningen Beach, Sea Life', 'Tram Line 1, Bus 22', 19),
('Kallio', 'Trendy area with vintage shops and a lively nightlife.', 'Hakaniemi Market, Kallio Church', 'Tram Lines 3, 9', 20);

INSERT INTO Messages (sender_id, receiver_id, message_content, sent_at, is_read)
VALUES
(1, 20, 'Hi, I would like to know more about the property availability for next month.', '2025-01-01 09:30:00', FALSE),
(2, 19, 'Can I get a discount for a long-term stay?', '2025-01-02 14:45:00', TRUE),
(3, 18, 'The property is available from the 15th to the 30th of next month.', '2025-01-01 10:00:00', TRUE),
(4, 17, 'Could you please provide additional photos of the property?', '2025-01-03 08:15:00', FALSE),
(5, 16, 'Can I check in earlier than 3 PM?', '2025-01-04 13:20:00', TRUE),
(6, 15, 'Do you allow pets on the property?', '2025-01-05 17:10:00', FALSE),
(7, 14, 'Thank you for confirming the reservation!', '2025-01-06 12:30:00', TRUE),
(8, 13, 'Can I cancel my booking? What are the penalties?', '2025-01-07 16:45:00', FALSE),
(9, 12, 'How far is the property from the city center?', '2025-01-08 10:50:00', TRUE),
(10, 11, 'I noticed an issue with the property during my stay. Please assist.', '2025-01-08 19:15:00', FALSE),
(11, 10, 'Thank you for your inquiry! I will get back to you shortly.', '2025-01-01 09:35:00', TRUE),
(12, 9, 'The property is currently not available for those dates.', '2025-01-02 15:00:00', TRUE),
(13, 8, 'Sure, I will send the additional photos shortly.', '2025-01-03 08:45:00', TRUE),
(14, 7, 'Unfortunately, early check-in is not possible.', '2025-01-04 13:50:00', TRUE),
(15, 6, 'Yes, we allow pets with an additional cleaning fee.', '2025-01-05 17:40:00', TRUE),
(16, 5, 'You are welcome! Enjoy your stay.', '2025-01-06 13:00:00', TRUE),
(17, 4, 'Cancellation penalties depend on the policy. Please check the details.', '2025-01-07 17:10:00', TRUE),
(18, 3, 'The property is about 10 minutes by car from the city center.', '2025-01-08 11:15:00', TRUE),
(19, 2, 'Thank you for reporting the issue. We will address it immediately.', '2025-01-08 19:40:00', TRUE),
(20, 1, 'I will be available to answer your inquiries tomorrow.', '2025-01-01 18:25:00', TRUE);